Phage,H3
ANPEP.01,CATGCTTGGTGGGTTTACTCTTCTTGGGCTATG
ANPEP.02,TCTTTCGTTGCTGGTTACTTCGGTTTG
ANTXR1.01,GCTTGGCATTACTGGTACTCTGGTGCTTTG
ANTXR1.04,TGGTGGGGTATG
ANTXR1.10,CATTGGGGTTTT
AXL.01,TGGGCTCCGCATGGTTACTCTTACGGTCATGTTGCTGCTATG
AXL.02,CATTACTGGTCTGTTTCTCCGGCTGGTTTG
AXL.03,GGTGGTTGGTGGTACTCTTTCGCTGGTGCTTACGGTGGTATG
AXL.04,TACGGTGGTTGGGCTGCTATG
CD38.01,TACGGTTGGGGTTGGTACCATGATTTT
CD38.02,TCTTACGGTCATTTCTACTACGGTTGGCCGTCTTCTGGTTACGCTCCGTACGGTATT
CD55.03,TCTGGTTGGTCTTACTACGGTATG
CD55.04,TTCTCTGTTCATGCTCCGGGTTGGGCTTTG
CD59.01,GGTGGTTGGTACTACGCTTACTCTCCGTACTACGGTTCTGGTGCTTACTTCGGTTTT
CD59.02,TGGGCTGCTTACTGGTCTGTTGGTTTCTACGGTTCTTGGTACGTTTCTGTTGGTATG
CD59.03,GGTTTCTCTTCTTACGGTGGTTGGCCGTTCTGGGGTGTTGCTCATTCTTACGCTATG
CDCP1.01,GCTTACTACGGTTTT
CDCP1.03,GCTTACTACGGTATG
CDCP1.04,GCTTACTACGCTATG
CSF1R.01,TTCCCGGGTTGGTACTCTGGTTTT
CSF1R.02,GGTGCTTACCATGGTGGTTTG
CXADR.03,TACTACTACTACTACGGTATG
CXADR.05,TGGTACTACTCTTACGGTATG
CXADR.17,TGGTACGGTGCTTACGCTATG
CXADR.22,TCTTACTGGTCTGTTGCTATG
DDR1.01,CACTACCCAGTTTACGCCGGTCTC
DDR2.01,CACTACCCAGTTTACGCCGCTCTC
EGFR.01,TCTGTTGGTGGTTTT
EPHA1.04,TGGTCTTGGTACTGGTCTTCTGGTTTG
EPHA10.01,TACGGTGTTTACCCGGCTGGTTTCGCTATT
EPHA10.02,TACCATGCTTTG
EPHA10.03,CATGGTGCTATG
EPHA2.01,GGTGGTGTTGTTTCTTGGGCTCATCCGGCTGCTTCTTACTACGTTTACGGTGCTATG
EPHA2.02,CCGGTTTGGGTTCCGGCTTACGTTTCTTCTTACTGGTTCCATGCTATG
EPHA2.04,TACTCTTACTACGCTGCTTACGGTTTG
EPHA4.01,CCGTACTCTTCTCCGTACTACGGTATG
EPHA4.02,TACTACGGTGCTGTTGTTTACTCTTACGGTTTG
EPHA4.03,TGGGGTTCTCCGTCTGGTCCGTACTGGTTCGTTGGTTACTACGGTTCTGGTTTG
EPHA4.04,GTTTACTCTTACCATGGTATG
EPHA5.02,TACTACCATTACTACGGTTCTGCTTACCATTACGTTTTCGCTGCTATG
EPHA5.03,CATGTTCCGTACTACTGGTGGCCGCCGTACTGGGCTATG
EPHA5.04,CCGGGTTCTGGTTACTACTACTCTTACTGGGGTGGTTGGTACGGTTCTGGTTTG
EPHA6.01,TTCTACTACTCTGCTTGGTGGCCGGGTATG
EPHA6.02,GGTCCGGCTGGTCATGCTGCTATG
EPHA6.03,TGGTACGCTTGGTACGGTTACGGTGTTTCTGCTATG
EPHA6.04,TCTTACTCTTACGCTTTG
EPHA7.01,GGTTGGGGTATG
EPHA7.02,TACTCTGGTTACTTCCATTTCGGTGGTTTCCATGGTTGGGGTTCTGGTTTT
EPHA7.03,TACCATTGGCCGGCTATG
EPHA7.04,GCTCATTCTCCGGCTGGTGGTTACGGTATG
EPHA8.01,GGTTGGGGTTTG
EPHB2.01,TACTACGTTTACTACGGTTCTTACTGGGCTGCTTTG
EPHB2.03,TCTGTTGCTTTG
EPHB3.01,TGGCATGTTTACGGTTACGTTTGGTACGGTGCTTTG
EPHB3.02,TACTACCATCATCATTTCGTTGTTTCTGGTGCTATG
EPHB3.03,TGGTACGCTCATTCTTTCGTTTACGTTGGTGCTTTT
EPHB3.04,TCTCATGTTCATGCTTACTCTCATTCTGGTGCTTTG
EPHB4.01,GTTGGTTGGGCTTACGGTTTT
EPHB4.02,CATTACTACTCTGGTGTTTACTCTTCTTGGTCTTACGCTTTG
EPHB4.03,TACCATGCTATG
EPHB6.01,TGGTGGTTCTCTGGTATG
EPHB6.02,TACGGTTTG
FGFR1b.01,TACGCTTACGCTTTT
FGFR2.01,TCTGGTCCGGGTATT
FGFR2.02,TACTCTTCTGGTTGGTACGCTTACGCTGCTTACGCTATG
FGFR2.03,GCTGGTGGTTTT
FGFR2b.01,TCTGCTATG
FGFR2b.02,GGTGCTTTT
FGFR2c.01,TCTTACGCTTACCCGTGGTGGGGTGCTATT
FGFR2c.02,GGTGGTTACTACGGTATG
FGFR4.01,TGGGGTCATTCTTGGCCGTACTTCTCTTCTTCTTCTGCTATG
FGFR4.02,TACCCGGGTGGTTCTTCTTTCTCTTCTTTCGGTCATTCTCCGTACGGTATG
FGFR4.03,CATTACTACTACTACTACTACTGGTACGGTATT
FGFR4.04,TCTTGGGGTCCGTGGGGTGGTTCTGCTTTG
FLT3.01,TACGGTTCTGGTGGTGCTTTG
FLT3.02,TACGCTGCTGGTGCTTACTCTTACGGTTACTGGTCTGGTGGTGCTATG
FLT3.03,CATGTTTTCCCGGGTTCTTACTCTTGGGGTGGTGGTTTT
FLT3.04,TCTTGGGCTTTG
ICAM1.10,TCTTCTGTTTACTACGCTCCGGGTTACGTTTTCTTCGGTGCTTACGGTGGTATG
ICAM1.13,TACGCTTTT
ICAM1.20,CATCCGTGGTGGTTCGCTGGTTTG
INSR.01,GGTTGGGGTTACTACGGTTGGTGGCCGGCTTCTGGTCCGTCTTGGCCGGTTGGTTTG
INSR.02,TACTCTTGGGCTTTT
INSR.03,TCTTACTGGTTCTACTACTGGGCTATG
KIT.01,GTTTCTGGTTACTCTGTTTACGGTTGGGCTTTT
KIT.02,TTCTCTGCTATG
LTBR.01,TGGGGTTGGTACTACGGTTCTTCTTACTCTGGTTACGGTTACGCTATG
LTBR.02,GCTTACGCTATG
LTBR.03,TGGGGTTACTTCTACTCTTGGTACTCTTCTGGTTACGCTATG
MER.01,TACGGTTCTGCTATG
MER.02,TCTTACGCTATG
MER.03,CCGGTTGGTTACTACTCTTACGGTCCGTACTCTCATGCTTGGTACGGTGGTTTG
MER.04,TCTTTCCCGTACGCTTCTTCTCCGGGTTACTGGTTCTCTTACTGGTACGCTTTT
MET.01,TACGTTTGGGTTTGGTGGGGTCCGGCTTGGTACTCTCCGTGGTACCATTCTGCTATGGATTACTGG
MET.02,TCTCATTGGTCTCCGTACGGTTACTACTACTACTCTACTTACGCTCATGCTTTGGATTACTGG
MET.03,TACTTCTCTTGGTGGTCTGGTTACTACTACTACTCTTACGCTGGTATGGATTACTGG
MET.04,TGGTACTGGCATTACCCGTACCCGTCTTCTGGTGGTATGGATTACTGG
NCR3LG1.01,GCTTACTACTACCCGGTTGGTATG
NCR3LG1.05,CCGGGTTACTGGGCTTTG
NCR3LG1.06,GGTTGGGTTTCTGCTATG
NCR3LG1.07,TCTTGGGGTTACGGTCATTTCGGTTTT
NCR3LG1.12,GTTTTCGCTGCTTACGCTTGGTACCCGCCGTACTCTGGTTTG
NCR3LG1.13,TCTGGTGGTGCTGTTTACTCTCCGTACTACTGGGGTTGGTACGCTGCTTACGCTTTT
NCR3LG1.14,CCGTGGTACGTTTTCCATTGGTACGGTTTT
NCR3LG1.15,GGTTACGGTGCTTCTGGTTGGCCGTGGTGGGTTTGGGCTTACGCTATT
NCR3LG1.16,TGGTTCTACGGTTGGGGTTTG
NECTIN1.03,TACTACTACTCTGGTCATTCTGCTTACTCTGTTTGGTTCTGGGCTATT
NECTIN1.04,GGTTACTTCGTTTCTGGTTACTGGTACTACGGTTTG
NECTIN1.13,CATTCTTACCCGTGGTCTGCTTACGGTCCGTGGGTTGGTTGGGCTGCTATG
NECTIN1.14,GGTGTTTGGTACGGTTACTACGGTATG
NTRK1.01,TCTGTTTCTGGTCATCCGTACCATTGGTACGCTTTG
NTRK1.03,TTCGCTATT
NTRK1.04,TTCGGTGCTATG
NTRK2.01,TCTTCTTACGCTGCTTTG
NTRK2.02,CATTCTGGTTGGTGGCCGTACTACTCTGCTGGTTTT
NTRK2.03,TGGTACGGTTGGGTTTACGGTTACGCTTTG
NTRK2.04,TCTTACTCTGGTTGGGCTCATTCTGCTTTT
NTRK3.01,TACCCGTACTACCATGTTCATGGTTCTGGTGTTTGGGCTATG
NTRK3.02,GGTTCTTACTCTTACGTTGCTGCTATG
NTRK3.03,TACCATCATTACCCGTACGGTGCTGGTTGGGGTTACGGTGCTATG
PDGFRA.01,GGTCCGGCTATG
PDGFRA.02,GGTTACTCTTACTCTCCGCCGTACGGTCATTACTCTTGGTACGCTATG
PDGFRA.03,GGTTGGGGTTACGTTCATCCGTACTACGCTTGGTACGCTATG
PDGFRA.04,CATGGTGCTTTG
PDGFRB.01,GGTTACGCTTACTCTTCTGGTATG
PDGFRB.02,TACTACTACTACGGTGCTATG
PDGFRB.03,GCTCATTCTTACGTTTCTTACGCTTGGGCTTTG
PDGFRB.04,TACTACCCGTTCTACTCTGCTGGTGCTGTTCCGGCTATG
PTK7.01,TCTTGGTACTACTACTCTGGTTGGTCTTCTTGGCCGGTTTCTCCGGGTGCTATT
PTK7.02,TACTGGTGGGGTGGTGGTTGGTGGCATCATTACGCTATG
PTK7.03,TACTGGTACGGTGCTTACGTTGGTGGTTTG
PTK7.04,TACTTCCATGGTGCTATG
RET.01,CATGGTTTT
RET.02,TGGTACTGGTCTGCTTTCTCTGGTGGTTTT
RON.01,TTCCCGTTCTGGGCTTGGGCTTTG
RON.02,TCTTACGGTTACTGGTGGTGGTGGGGTATG
RON.03,TGGGCTGCTATG
RON.04,TACCCGTACTGGGCTTGGGGTATG
ROR1.01,TCTTACGGTGGTTGGAGTTACTTCGGTATG
ROR1.02,GGTGCTTCTGTTTGGTGGTCTGGTTGGGGTGGTTACTACTGGTGGCCGGCTGCTATG
ROR1.03,TACTACTGGGGTGCTATG
ROR1.04,TACGTTTGGCCGTACTCTGGTTCTTGGGCTATG
ROR1.05,GGTGCTTTG
ROR1.09,GGTTCTTACTACTACTCTTACGCTTTCGGTTTT
ROR1.10,TCTGTTTACGTTTACGGTTGGGCTGGTTTT
ROR1.11,TCTTACTTCTCTGGTTACTGGTGGCATTCTTGGGGTTACGCTTCTGGTATG
ROR1.12,CATGGTTACGGTTTCTGGGGTATT
ROR1.13,TCTTGGGGTTCTTGGTACGGTCCGTTCTGGTACGCTGGTCCGTCTGCTATG
ROR1.14,TACTCTTGGCCGTACGTTGGTTTG
ROR1.15,TACTCTTGGTACTGGGTTGGTCCGTACTGGGCTGGTTCTTACGGTATT
ROR1.16,GGTTACGCTTACTCTCATGCTTTG
RYK.01,TACGGTCATTACGGTTGGGGTTTT
TIE1.01,TACTACTGGTACTGGGGTATG
TIE1.02,CATTACGTTTCTTGGTACCATTGGCCGTCTTACTACTGGTACTACGCTTTG
TIE1.03,TCTGCTTACGTTTCTTGGTACGGTTTG
TIE2.01,GGTTACGCTTTG
TIE2.02,TACTACTCTTACTACTTCGGTTACGCTTCTCATGCTATT
TIE2.03,TCTCATCATGTTGCTATG
TIE2.04,GGTCCGGCTGGTTACGGTTACGGTATG
TYRO3.02,TACCCGGTTGGTTTCTGGTGGGCTTTCTCTTACGGTATG
TYRO3.03,TGGCCGTACGCTTACTACTACGCTGGTGTTTTCTACTGGTGGCCGCCGGCTTTG
TYRO3.04,TGGGCTCCGCATTACTACTCTTCTTCTTACGGTTACGTTTGGTACGCTTACGCTTTG
VEGFR2.01,TCTTACGCTTGGGGTTTG
VEGFR2.02,TTCTACTCTGGTGGTTACTCTTCTGCTTTT
VEGFR2.03,TACGCTGGTTACGGTATG
VEGFR2.04,TACGCTGCTTACGGTTTT
VEGFR3.01,GGTGTTTTCGCTGGTGCTATT
VEGFR3.02,TGGTTCTACCATTACTTCGCTATG
VEGFR3.03,TCTCCGTACTCTTACTGGTACGCTTTG
VEGFR3.04,TACTACTGGGCTTTG